{
  "model": "Ensemble: B0 (60%) + B3 (40%)",
  "test_auc": 0.8076430415284469,
  "per_class_auc": [
    0.7568204926399607,
    0.786445982247753,
    0.6798023097243595,
    0.8634056767510767,
    0.8889879261345507,
    0.9074084996643053,
    0.7771267046278834,
    0.843265773445875,
    0.7128562439854911,
    0.7870842014952812,
    0.9017732587105989,
    0.6999294712853881,
    0.77723800716973,
    0.9248580335160035
  ]
}