{
  "model": "Ensemble B0+B3 with TTA",
  "test_auc": 0.8079330916842392,
  "per_class_auc": [
    0.7596811537893813,
    0.7909180615612299,
    0.6773621243831734,
    0.8637023474214696,
    0.8928765844470344,
    0.9080159658909086,
    0.7809594505508572,
    0.8460950592089534,
    0.7172812040650148,
    0.7878888956980021,
    0.9078890998648032,
    0.7029054514299817,
    0.7840108381714067,
    0.8914770470971329
  ],
  "tta_augmentations": [
    "original",
    "h_flip",
    "crop_zoom",
    "brightness"
  ]
}