{
  "test_auc_macro": 0.7945149349808744,
  "test_auc_weighted": 0.7633989558513845,
  "test_accuracy": 0.5341895588060411,
  "test_f1_macro": 0.12270087399328358,
  "test_f1_weighted": 0.06154486998822736,
  "per_class_auc": [
    0.750094092365417,
    0.7817556383198841,
    0.6756571472006186,
    0.8516282218762159,
    0.8784641126968982,
    0.889482245828915,
    0.7639923761104616,
    0.8334743365435149,
    0.7019394477755571,
    0.7760855496997181,
    0.8870506920379043,
    0.6865283359762631,
    0.7641186834684555,
    0.88293820983242
  ]
}