{
  "model": "3-Way Ensemble (B0 + B3 + ViT)",
  "weights": {
    "B0": 0.4,
    "B3": 0.2,
    "ViT": 0.4
  },
  "test_auc_macro": 0.8165994378193974,
  "per_class_auc": [
    0.7651416956777599,
    0.7920749210056568,
    0.6800203676006816,
    0.8680340074039092,
    0.8949931226971075,
    0.912627375745901,
    0.7888796231897662,
    0.8549884872244617,
    0.7347243372143438,
    0.79133895085182,
    0.9116378435432143,
    0.7140402427508795,
    0.7987273470845275,
    0.9251638074815345
  ],
  "component_performance": {
    "B0_alone": 0.7945,
    "B3_alone": 0.7884,
    "ViT_alone": 0.7931,
    "B0_B3_ensemble": 0.8076
  },
  "improvement_vs_baseline": 2.9599437819397334,
  "minority_class_avg": 0.8512776532657307
}