{
  "phase7_4way": {
    "auc": 0.8592399682257226,
    "weights": [
      0.25,
      0.15,
      0.3,
      0.3
    ]
  },
  "tta_4way": {
    "auc": 0.8607194051195682
  },
  "convnext": {
    "auc": 0.7972893617263773,
    "per_class": {
      "Atelectasis": 0.7552044965550382,
      "Consolidation": 0.7241892646895113,
      "Infiltration": 0.7031982326618377,
      "Pneumothorax": 0.8624451951171239,
      "Edema": 0.8369877315197731,
      "Emphysema": 0.9158793745553646,
      "Fibrosis": 0.7871247556540477,
      "Effusion": 0.8121184245490203,
      "Pneumonia": 0.6852369321519916,
      "PleuralThickening": null,
      "Cardiomegaly": 0.8660056119593753,
      "Nodule": 0.7416308792040872,
      "Mass": 0.7935770103293398,
      "Hernia": 0.8811637934963945
    }
  },
  "phase8_5way": {
    "auc": 0.8622749498930979,
    "weights": {
      "B0": 0.2,
      "B3": 0.15,
      "ViT": 0.25,
      "DINO": 0.15,
      "CNX": 0.25
    },
    "per_class": {
      "Atelectasis": 0.763183888510562,
      "Consolidation": 0.7697680962288689,
      "Infiltration": 0.7230819038255043,
      "Pneumothorax": 0.8998775100077948,
      "Edema": 0.9230728933302805,
      "Emphysema": 0.9573560628664735,
      "Fibrosis": 0.9415750155207362,
      "Effusion": 0.8240967854100398,
      "Pneumonia": 0.904341780381076,
      "PleuralThickening": null,
      "Cardiomegaly": 0.9338363407226942,
      "Nodule": 0.7628427431671886,
      "Mass": 0.8235743207169434,
      "Hernia": 0.9829670079221099
    },
    "minority_avg": 0.9418625520041353
  }
}