{
  "model": "EfficientNet-B3",
  "test_auc_macro": 0.7884174061385567,
  "test_auc_weighted": 0.756756663042933,
  "per_class_auc": [
    0.7382282287686319,
    0.7692496326456179,
    0.6658501367940036,
    0.8527320797229264,
    0.8672086658610957,
    0.9040757885688112,
    0.7358422813852075,
    0.8314172000136618,
    0.6663893383247147,
    0.7654506066919966,
    0.8858668741980762,
    0.6879497148408343,
    0.7618171147742056,
    0.905766023350012
  ],
  "best_val_auc": 0.7940283111703925
}