{
  "model": "Ultimate DINOv2 + Anatomical + Multi-Modal",
  "test_auc": 0.7569563916568539,
  "per_class_auc": [
    0.7138601382840262,
    0.7702289959214019,
    0.6687101411862256,
    0.8201115973936839,
    0.8689037853158394,
    0.8458244442213452,
    0.7435975115419735,
    0.796368015073273,
    0.6922986527500185,
    0.7329901335948033,
    0.7793105054933699,
    0.6481629305044471,
    0.6877517241242657,
    0.8292709077912795
  ],
  "best_val_auc": 0.7544929763141056
}